EduID,Title,Start_date,End_date,Time,LimitNum,MadminID
Edu1233185,우리가 모여 산을 이루는 이야기,2023.12.7,2024.3.3,1,90,admin662
Edu1234181,손길 모양,2023.10.24,2024.5.5,3,160,admin168
Edu1230708,[2023 신진미술인 지원 프로그램] 이주연 기획전 《stocker》,2023.10.5,2023.10.29,2,70,admin239
Edu1226422,[2023 신진미술인 지원 프로그램] 주슬아 개인전 《노멜의 추적일지》,2023.10.5,2023.10.29,2,90,admin131
Edu1212122,[2023 신진미술인 지원 프로그램] 박미라 개인전 《페어링》,2023.8.31,2023.9.24,2,60,admin870
Edu1179415,쉿!,2023.6.1,2023.10.25,2,60,admin665
Edu1212142,[2023 신진미술인 지원 프로그램] 윤미류 개인전 《방화광》,2023.8.31,2023.9.24,2,20,admin929
Edu1206392,《공중정원》,2023.8.30,2023.11.19,3,90,admin823
Edu1205862,"라스트 제너레이션에게, 김용익",2023.8.24,2023.11.19,2,20,admin781
Edu1202246,서울시립 북서울미술관 개관 10주년 기념전 《SeMA 앤솔러지: 열 개의 주문》,2023.8.3,2023.10.25,2,40,admin205
Edu1202768,[2023 신진미술인 지원 프로그램] 이유성 개인전 《카우보이》,2023.7.28,2023.8.20,1,80,admin683
Edu1174182,권진규의 영원한 집,2023.6.1,2025.5.31,2,120,admin303
Edu1202571,[2023 신진미술인 지원 프로그램] 최나욱 기획전 《방으로 간 도시들》,2023.7.20,2023.8.11,3,30,admin137
Edu1196715,자치구 협력전시 《SeMA Collection: 컬러 인 포레스트》,2023.7.18,2023.7.30,3,190,admin914
Edu1194934,[2023 신진미술인 지원 프로그램] 홍세진 개인전 《일렁이는 직선》,2023.7.6,2023.7.30,3,40,admin592
Edu1194916,[2023 신진미술인 지원 프로그램] 손수민 개인전 《현실은 메타포》,2023.7.6,2023.7.30,3,80,admin616
Edu1191707,[2023 신진미술인 지원 프로그램] 정여름 개인전 《머나먼 안개 속의 세기》,2023.6.22,2023.7.11,2,200,admin508
Edu1179228,"매일, 예술",2023.5.31,2023.7.30,2,20,admin235
Edu1168593,80 도시현실,2023.5.25,2025.5.26,1,150,admin531
Edu1192249,상설전 《서도호와 아이들: 아트랜드》,2023.5.2,2025.12.31,3,100,admin381
Edu1162991,이제 어떻게 하시겠습니까?,2023.4.25,2023.7.9,1,30,admin574
Edu1152724,《에드워드 호퍼: 길 위에서》,2023.4.20,2023.8.20,3,160,admin864
Edu307345,확장된 매뉴얼,2018.12.11,2019.2.17,2,180,admin488
Edu1156364,"서울시립 미술아카이브 개관 기념 최민 컬렉션 기획전 《명랑 학문, 유쾌한 지식, 즐거운 앎》",2023.4.4,2023.7.30,1,140,admin299
Edu1156530,"아카이브 하이라이트: 김용익, 김차섭, 임동식",2023.4.4,2023.7.30,1,100,admin990
Edu1155944,터치미텔,2023.4.4,2023.10.1,3,150,admin703
Edu1113311,SeMA-프로젝트 A,2023.4.4,2023.12.31,3,190,admin840
Edu1146525,"김윤신: 더하고 나누며, 하나",2023.2.28,2023.5.7,1,30,admin385
Edu1125149,2022 유휴공간 프로젝트 《스카이블루》,2022.12.20,2023.3.12,2,180,admin423
Edu1113557,키키 스미스 ? 자유낙하,2022.12.15,2023.3.12,3,130,admin775
Edu1112383,강석호: 3분의 행복,2022.12.15,2023.3.19,1,200,admin793
Edu1108494,최민 컬렉션: 다르게 보기,2022.12.8,2023.5.7,2,100,admin695
Edu811252,2022 타이틀 매치: 임흥순 vs. 오메르 파스트 《컷!》,2022.11.17,2023.4.2,2,40,admin794
Edu1106217,2022 난지미술창작스튜디오 오픈스튜디오: 투어리즘,2022.11.11,2022.11.13,1,180,admin132
Edu1077871,[2022 신진미술인 전시지원 프로그램] 임선구 개인전 《보이지도않는꽃이: 발자국을 발굴하기》,2022.8.31,2022.9.18,1,70,admin372
Edu1102047,[2022 시민큐레이터 기획전시]  《나무가 숲에서 제 뿌리를 잃지 않는 법》,2022.11.1,2022.11.16,2,60,admin553
Edu1101682,"[2022 시민큐레이터 기획전시]  《긴, 빈 꼬리, 희박하게 가끔 빛》",2022.11.1,2022.11.16,3,130,admin995
Edu1104235,[2022 시민큐레이터 기획전시]  《나의 첫 창작일지》,2022.11.1,2022.11.16,3,200,admin863
Edu1101821,[2022 시민큐레이터 기획전시]  《Mapping Memory: The Bunker》,2022.11.1,2022.11.16,1,190,admin157
Edu1098679,[2022 신진미술인 전시지원 프로그램] 박웅규 개인전 《귀불(鬼佛)》,2022.10.30,2022.11.20,2,60,admin254
Edu1094705,"2022 서서울미술관 사전프로그램 《이례적인 시간, 불확실한 움직임》",2022.10.25,2022.11.27,3,200,admin177
Edu1096052,"2022 유휴공간 프로젝트 《(오, 수줍음)》",2022.10.21,2023.1.29,2,30,admin734
Edu405,서브컬처: 성난젊음,2015.6.30,2015.8.30,1,150,admin966
Edu1093052,[2022 시민큐레이터 기획전시]  《Dot to Dot-이어가기》,2022.10.11,2022.10.26,1,80,admin631
Edu1092856,[2022 시민큐레이터 기획전시]  《흔들림의 시간들》,2022.10.11,2022.10.26,2,100,admin726
Edu1093007,[2022 시민큐레이터 기획전시]  《내밀한 추동》,2022.10.11,2022.10.26,1,110,admin853
Edu1092912,"[2022 시민큐레이터 기획전시]  《일상의 일탈, 취향의 발견》",2022.10.11,2022.10.26,1,90,admin433
Edu1077865,[2022 신진미술인 전시지원 프로그램] 안진균 개인전 《영원한 휴가》,2022.8.31,2022.9.18,2,30,admin288
Edu1087665,[2022 시민큐레이터 기획전시]  《사유하다》: 다시 나라는 시간을 거쳐,2022.9.20,2022.10.5,2,200,admin650
Edu1087608,[2022 시민큐레이터 기획전시]  《삼원소(Back to square one)》,2022.9.20,2022.10.5,2,170,admin609
Edu1088519,2022 시민큐레이터 기획전시,2022.9.20,2022.11.16,3,200,admin729
Edu1079694,2022 서울시립 사진미술관 사전프로그램 《정착세계》,2022.9.6,2022.10.21,2,120,admin277
Edu1077266,정서영 개인전 오늘 본 것,2022.9.1,2022.11.13,1,80,admin830
Edu1063772,춤추는 낱말,2022.9.1,2022.11.20,3,60,admin970
Edu90,아시아 현대미술 프로젝트-City_net Asia 2007,2007.10.10,2007.11.11,3,30,admin528
Edu1073340,[2022 신진미술인 전시지원 프로그램] 송아리 개인전 《차가운 녹색 기지》,2022.8.17,2022.9.4,3,150,admin784
Edu1070036,[2022 신진미술인 전시지원 프로그램] 김신애 개인전 《로맨틱 스토리지》,2022.8.3,2022.8.23,3,150,admin778
Edu1069736,[2022 신진미술인 전시지원 프로그램] 김정인 개인전 《이미지 연대》,2022.8.3,2022.8.23,3,170,admin978
Edu811305,서도호와 아이들: 아트랜드,2022.7.26,2023.3.12,3,30,admin803
Edu1065326,"[2022 신진미술인 전시지원 프로그램] 문현정 기획전 《호텔, 디스토피아》",2022.7.20,2022.8.7,2,160,admin117
Edu1065204,자치구 협력전시 《SeMA 컬렉션: 상상동물원》,2022.7.15,2022.8.14,2,60,admin533
Edu1061043,[2022 신진미술인 전시지원 프로그램] 전장연 개인전 《발끝으로 선 낮》,2022.7.6,2022.7.24,2,10,admin463
Edu1061057,[2022 신진미술인 전시지원 프로그램] 김현주 기획전 《너는 나를》,2022.7.6,2022.7.24,3,70,admin162
Edu1060421,2022 신진미술인 전시지원 프로그램,2022.7.6,2022.11.20,3,200,admin916
Edu1065749,NANJI ACCESS with PACK: Mbps,2022.6.29,2022.8.15,2,90,admin308
Edu1039603,장-미셸 오토니엘: 정원과 정원,2022.6.16,2022.8.7,3,180,admin182
Edu811390,조각충동,2022.6.9,2022.8.15,1,170,admin248
Edu1039819,그리드 아일랜드,2022.5.26,2022.8.15,3,90,admin753
Edu1053493,서울시 여성가족재단 SeMA 컬렉션 라운지 4호,2022.5.26,2023.5.24,1,30,admin351
Edu643792,[신진미술인 전시지원 프로그램] 김지영 개인전 《싱잉 노즈》,2021.10.16,2021.11.6,3,140,admin755
Edu1032860,기록하는 기억 Archived Memories,2022.4.28,2022.6.5,2,120,admin700
Edu1034869,전시실의 사적인 대화,2022.4.20,2022.6.12,3,170,admin645
Edu1007828,권진규 탄생 100주년 기념 ? 노실의 천사,2022.3.24,2022.5.22,1,10,admin458
Edu811220,청금루 주인 성찬경,2022.3.24,2022.6.26,1,170,admin130
Edu811411,시적 소장품,2022.3.22,2022.5.8,3,150,admin900
Edu812068,라운지 프로젝트,2021.12.21,2022.5.8,2,130,admin979
Edu665629,빛: 영국 테이트미술관 특별전,2021.12.21,2022.5.8,2,100,admin597
Edu665863,자연스러운 인간,2021.12.16,2022.2.27,3,100,admin944
Edu665372,경로를 재탐색합니다,2021.12.14,2022.3.6,2,10,admin867
Edu665913,걱정을 멈추고 폭탄을 사랑하기,2021.11.30,2022.2.27,2,40,admin796
Edu183618,야외조각전시 - 북서울미술관,2015.1.1,2020.12.31,3,150,admin455
Edu637834,"[2021 시민큐레이터 기획전시] 《그래픽디자인, 2016~2021, 지금》",2021.11.4,2021.11.14,2,100,admin780
Edu636464,[2021 시민큐레이터 기획전시] 《모든 것은 그 자리에》,2021.11.4,2021.11.14,1,140,admin811
Edu647531,자치구 협력전시 《SeMA Collection: 포착된 시간》,2021.11.2,2021.11.16,2,10,admin802
Edu638417,[2021 시민큐레이터 기획전시] 《조소된 건설》,2021.10.21,2021.10.31,1,110,admin921
Edu636451,[2021 시민큐레이터 기획전시] 《나의 친애하는》,2021.10.21,2021.10.31,3,60,admin222
Edu573371,2021 타이틀 매치: 임민욱 vs. 장영규 《교대》,2021.10.13,2021.11.21,2,130,admin783
Edu641137,우리가 전시를 볼 때 말하는 것들 What We Talk About When We See Exhibition,2021.10.12,2021.11.21,1,60,admin276
Edu640313,[2021 시민큐레이터 기획전시] 《그림자꿰매기》,2021.10.8,2021.10.17,3,140,admin637
Edu636438,[2021 시민큐레이터 기획전시] 《부/불화하는 관계》,2021.10.8,2021.10.17,2,150,admin682
Edu573394,먼길 이야기,2021.10.5,2022.7.3,2,110,admin967
Edu640675,2021 서서울미술관 사전프로그램 《경계에서의 신호》,2021.9.28,2021.11.7,3,110,admin946
Edu636429,[2021 시민큐레이터 기획전시] 《리스펙트 플랜트》,2021.9.23,2021.10.3,2,90,admin902
Edu635115,[신진미술인 전시지원 프로그램] 권정현 기획전 《믿음의 자본》,2021.8.24,2021.9.19,1,130,admin625
Edu636419,[2021 시민큐레이터 기획전시] 《역사의 방향들: 당신은 어떤 라인입니까》,2021.9.23,2021.10.3,3,100,admin713
Edu638815,[신진미술인 전시지원 프로그램] 최모민 개인전 《요괴 생활》,2021.9.14,2021.10.15,1,30,admin230
Edu573379,2021 텔레피크닉 프로젝트 《당신의 휴일》,2021.9.14,2021.11.14,3,130,admin210
Edu636274,[2021 시민큐레이터 기획전시] 《INTER+VIEW=》,2021.9.9,2021.9.18,1,80,admin957
Edu636249,[2021 시민큐레이터 기획전시] 《3 to 80》,2021.9.9,2021.9.18,3,180,admin786
Edu573192,제11회 서울미디어시티비엔날레 《하루하루 탈출한다》,2021.9.8,2021.11.21,2,190,admin344
Edu632251,[신진미술인 전시지원 프로그램] 정수정 개인전 《Falconry》,2021.8.12,2021.9.5,2,140,admin662
Edu1030081,NR Bakery,2021.8.10,2021.8.22,2,170,admin168
Edu625310,[신진미술인 전시지원 프로그램] 이은솔 개인전 《KIMBERLY EXTRACT》,2021.7.8,2021.8.1,1,100,admin239
Edu625317,"[신진미술인 전시지원 프로그램] 이현수 개인전 《난 아직 시작도 안했는데, EVERGREEN》",2021.7.8,2021.8.1,2,60,admin131
Edu833625,"2018 난지아트쇼III <난지 넌지, 난해한 지도> ",2018.9.6,2018.9.16,2,110,admin870
Edu573356,《길은 너무나 길고 종이는 조그맣기 때문에》,2021.6.29,2021.9.22,2,90,admin665
Edu573346,2021 서울사진축제 《한국여성사진사Ⅰ: 1980년대 여성사진운동》,2021.6.29,2021.9.26,1,200,admin929
Edu573245,대기실 프로젝트 #3 《SeMA 도슨트 대회1_묵다 묻다》,2021.6.15,2021.8.15,3,130,admin823
Edu573209,《기후미술관: 우리 집의 생애》,2021.6.8,2021.8.8,2,30,admin781
Edu615253,[신진미술인 전시지원 프로그램] 이재석 개인전 《INVENTORY》,2021.6.3,2021.6.27,1,190,admin205
Edu833736,2020 난지미술창작스튜디오 <열지 않는 전시 Not Open Exhibition>,2020.12.4,2021.1.29,3,140,admin683
Edu615274,[신진미술인 전시지원 프로그램] 전보배 개인전 《noonchinae》,2021.6.3,2021.6.27,3,150,admin303
Edu572825,《호민과 재환》,2021.5.18,2021.8.1,3,50,admin137
Edu600668,대기실 프로젝트 #2 <사랑을 위한 준비운동>,2021.5.4,2021.5.16,3,170,admin914
Edu608400,[신진미술인 전시지원 프로그램] 이소라 기획전 《Ground X》,2021.5.4,2021.5.23,2,150,admin592
Edu603715,시민큐레이터 SeMA 컬렉션 기획전 《어울림의 시작》,2021.4.7,2021.5.30,2,130,admin616
Edu528155,비디오 콜라주-파운드 푸티지-쉐어드 무빙이미지,2020.8.4,2020.12.31,3,110,admin508
Edu573364,SeMA 소장품 하이라이트 《자연을 들이다: 풍경과 정물》,2021.3.30,2021.8.22,3,190,admin235
Edu573317,SF2021: 판타지 오디세이,2021.3.23,2021.6.6,1,90,admin531
Edu594660,"[신진미술인 전시지원 프로그램] 다이애나밴드 개인전 《루트에 대한, 대화》",2021.3.18,2021.4.18,3,30,admin381
Edu594458,[신진미술인 전시지원 프로그램] 양승원 개인전 《Glimpse》,2021.3.18,2021.4.18,3,30,admin574
Edu573263,[신진미술인 전시지원 프로그램] 신미정 개인전 <도시x섬x아카이브>,2021.3.5,2021.4.4,1,110,admin864
Edu461401,《이불-시작》,2021.3.2,2021.5.16,1,110,admin488
Edu581005,[신진미술인 전시지원 프로그램] 배헤윰 개인전 <Fyka Foretold...>(예지하는 파이카),2021.2.2,2021.3.7,2,90,admin299
Edu578356,[신진미술인 전시지원 프로그램] 변상환 개인전 <생물 은-갈치>,2021.2.2,2021.3.7,1,150,admin990
Edu575223,컬렉션_오픈 해킹 채굴,2021.1.26,2021.4.11,2,190,admin703
Edu573589,시민큐레이터 SeMA 컬렉션 기획전 《piercer (피어서)》,2021.1.5,2021.1.19,1,150,admin840
Edu463145,박유아 초상 프로젝트 《단순한 진심: 51 Lives》,2020.12.15,2021.4.11,1,150,admin385
Edu460199,《와당탕퉁탕》,2020.12.12,2021.9.9,3,10,admin423
Edu833735,2020 난지미술창작스튜디오 오픈스튜디오 <2020 SeMA NANJI RESIDENCY OPEN-SOURCE STUDIO>,2020.12.4,2021.1.29,1,20,admin775
Edu565286,유휴공간 프로젝트 《당신의 정원》,2020.11.24,2020.12.20,1,20,admin793
Edu552987,[2020 시민큐레이터 기획전시] 《BGM : Background of Museum》,2020.11.20,2020.11.29,1,150,admin695
Edu556197,[2020 시민큐레이터 기획전시] 《Iktsuarpok: 문턱만 닳도록》,2020.11.20,2020.11.29,3,30,admin794
Edu557069,[서서울미술관 사전 프로그램] 《언젠가 누구에게나》,2020.11.11,2020.11.22,1,100,admin132
Edu548832,[2020 시민큐레이터 기획전시] 《당신의 K에 대하여》,2020.11.5,2020.11.15,2,170,admin372
Edu833713,<난지 10년: SeMA 난지미술창작스튜디오 아카이브전>,2017.5.30,2017.8.15,3,140,admin553
Edu548825,[2020 시민큐레이터 기획전시] 《비둘기그라피: 낭만적 상징에서 바이오포비아까지》,2020.11.5,2020.11.15,2,120,admin995
Edu548811,[2020 시민큐레이터 기획전시] 《오늘도 나는 일기를 쓴다》,2020.10.22,2020.11.1,3,160,admin863
Edu548819,[2020 시민큐레이터 기획전시] 《thedesert.xyz》,2020.10.22,2020.11.1,1,90,admin157
Edu460189,2020 타이틀 매치: 함양아 vs. 서동진 《흔들리는 사람들에게》,2020.10.20,2021.3.1,2,40,admin254
Edu547913,시민큐레이터 SeMA 컬렉션 기획전 《우리라는 무리》,2020.10.13,2020.10.27,1,200,admin177
Edu548789,[2020 시민큐레이터 기획전시] 《창작자의 수집법》,2020.10.8,2020.10.18,1,50,admin734
Edu460131,《물체주머니》,2020.3.26,2020.11.15,1,170,admin966
Edu548803,[2020 시민큐레이터 기획전시] 《불온한 몸-이식된 것들의 생태》,2020.10.8,2020.10.18,1,80,admin631
Edu548773,[2020 시민큐레이터 기획전시] 《모두의 달》,2020.9.23,2020.10.4,3,60,admin726
Edu548763,[2020 시민큐레이터 기획전시] 《돈을 벌지 않는 사람들》,2020.9.23,2020.10.4,2,10,admin853
Edu460179,한네프켄재단+SeMA 미디어 소장전 《파도가 지나간 자리》,2020.9.3,2021.2.14,2,30,admin433
Edu463128,"대기실 프로젝트《전혀 예술적인, 엉성한 미술관》",2020.8.25,2020.10.25,2,180,admin288
Edu538833,"대기실 프로젝트《전혀 예술적인, 엉성한 미술관》 Online page",2020.8.21,2020.10.25,3,110,admin650
Edu535070,유휴공간 프로젝트 《북스 북스 Buk's Books》,2020.8.20,2020.12.31,3,160,admin609
Edu461340,《일어나 올라가 임동식》,2020.8.19,2020.12.31,3,100,admin729
Edu461365,하나의 사건,2020.8.12,2020.12.31,3,30,admin277
Edu511568,[신진미술인 전시지원 프로그램] 하승현 개인전 <The Pale Red Dot>,2020.8.7,2020.9.6,1,170,admin830
Edu508880,[신진미술인 전시지원 프로그램] 이주리 개인전 <리패키지>,2020.8.7,2020.9.6,1,60,admin970
Edu523341,가나아트 컬렉션 기획상설전: 허스토리 리뷰,2020.7.22,2022.11.20,1,60,admin528
Edu460150,2020 서울사진축제 《보고싶어서》,2020.7.14,2020.8.16,2,10,admin784
Edu524346,2020 서울사진축제 《카메라당 전성시대》,2020.7.14,2020.8.16,1,90,admin778
Edu507597,[신진미술인 전시지원 프로그램] 너머의 여정 The Journey of Eternity,2020.6.2,2020.9.13,2,50,admin978
Edu504783,[신진미술인 전시지원 프로그램] 조경재 개인전 <여좌본부>,2020.5.6,2020.5.27,3,180,admin803
Edu461329,《모두의 소장품》,2020.4.16,2020.6.14,2,130,admin117
Edu463118,《모두의 건축 소장품》,2020.4.16,2020.8.2,3,160,admin533
Edu497088,서울시청 신청사 SeMA 컬렉션 라운지 2호,2020.3.25,2022.5.5,3,20,admin463
Edu685255,2019 사진아카데미전시,2020.2.1,2020.2.29,2,120,admin162
Edu480939,"SeMA-카페+ 2020 주어진, 박현정",2020.1.13,2021.8.31,1,150,admin916
Edu475359,[SeMA-프로젝트 S] 2019 같이 있고 싶다고,2020.1.1,2021.6.30,2,120,admin308
Edu316564,레안드로 에를리치: 그림자를 드리우고,2019.12.17,2020.6.21,1,120,admin182
Edu316588,"유휴공간 프로젝트 <인간, 사랑, 빛>",2019.12.10,2020.12.31,1,60,admin248
Edu316655,강박² Compulsion to Repeat,2019.11.27,2020.3.8,3,40,admin753
Edu316666,고향,2019.11.27,2020.3.8,2,180,admin351
Edu833727,2019 난지미술창작스튜디오 오픈스튜디오 <2019 SeMA NANJI RESIDENCY OPEN STUDIOOOO>,2019.11.22,2019.11.24,1,30,admin755
Edu833728,2019 난지13기 입주자 기획전 <피니티 미러 Finity Mirror>,2019.11.15,2019.11.24,2,200,admin700
Edu687519,[2019 시민큐레이터 기획전시] 《간식행사를 넘어서: 2010년대 대학 총학생회 아카이브에》,2019.11.6,2019.11.17,1,70,admin645
Edu689910,[2019 시민큐레이터 기획전시] 《당신의 처음이 제가 아니기를》,2019.11.6,2019.11.17,2,110,admin458
Edu692114,[2019 시민큐레이터 기획전시] 《SeMA창고 개관 4주년 기념전: 큐레이터 장라희 회고전》,2019.10.9,2019.10.20,1,30,admin130
Edu833729,2019 난지13기 입주자 윤민화 큐레이터 워크숍 <귀높이-소리와 미술관>,2019.11.1,2019.11.3,2,170,admin900
Edu691483,[2019 시민큐레이터 기획전시] 《초-극적 단상》,2019.10.23,2019.11.3,2,90,admin979
Edu692026,[2019 시민큐레이터 기획전시] 《서재의 유령들》,2019.10.23,2019.11.3,2,110,admin597
Edu316709,모던 로즈,2019.10.15,2020.3.1,1,10,admin944
Edu833730,2019 난지13기 국내입주자 기획전 <천하대란 천하대치>,2019.10.11,2019.10.20,2,200,admin867
Edu692239,"[2019 시민큐레이터 기획전시] 《미메시스의 서고, 에크리튀르》",2019.10.9,2019.10.20,2,90,admin796
Edu689743,2018 사진아카데미전시,2019.2.1,2019.2.28,1,70,admin455
Edu316555,사각 생각 삼각,2019.10.8,2020.3.10,3,150,admin780
Edu422528,[신진미술인 전시지원 프로그램] PRO-TEST,2019.10.4,2019.10.23,3,200,admin811
Edu420487,"2019 서울사진축제 《오픈 유어 스토리지: 역사, 순환, 담론》",2019.10.1,2019.11.10,1,40,admin802
Edu692614,[2019 시민큐레이터 기획전시] 《하이브리드 아티스트》,2019.9.26,2019.10.6,2,170,admin921
Edu216753,두 개의 기둥과 일곱 개의 글자,2018.12.13,2019.2.6,2,140,admin222
Edu692474,[2019 시민큐레이터 기획전시] 《O BRAVE NEW WORLD》,2019.9.26,2019.10.6,1,160,admin783
Edu424851,2019 대외협력전시 <SeMA Collection: 아파트>,2019.9.24,2019.10.10,3,50,admin276
Edu425222,2019 대외협력전시 <SeMA Collection: 집요한 손>,2019.9.19,2019.10.19,3,90,admin637
Edu692902,"[2019 시민큐레이터 기획전시] 《마음의 시선, 지금 나와 마주하다(ART. TALK. CREATE)》",2019.9.10,2019.9.22,3,200,admin682
Edu692778,"[2019 시민큐레이터 기획전시] 《서울, 우리들의 거리는》",2019.9.10,2019.9.22,3,70,admin967
Edu415078,[신진미술인 전시지원 프로그램] 줌 백 카메라,2019.9.6,2019.9.25,3,120,admin946
Edu316642,에이징 월드 - Will you still love me tomorrow?,2019.8.27,2019.10.20,3,10,admin902
Edu404173,[신진미술인 전시지원 프로그램] 눈의 소리,2019.8.2,2019.8.21,1,30,admin625
Edu404165,[신진미술인 전시지원 프로그램] 남한 앙상블,2019.8.2,2019.8.21,3,100,admin713
Edu375802,석가산의 액션 뮤직,2019.7.20,2020.2.29,1,40,admin230
Edu833718,"2019 2분기 국외 입주작가 기획전 <Friction, Assemblies, and Other Stories>",2019.7.17,2019.7.21,1,120,admin210
Edu394884,[신진미술인 전시지원 프로그램] 모음,2019.7.5,2019.7.24,1,70,admin957
Edu394816,"[신진미술인 전시지원 프로그램] 분열된 측정, 정신적 활동성",2019.7.5,2019.7.24,3,70,admin786
Edu316524,한국근현대명화전 <근대의 꿈: 꽃나무는 심어 놓고>,2019.7.2,2019.9.15,3,40,admin344
Edu316544,2019 타이틀매치: 김홍석vs.서현석 <미완의 폐허>,2019.6.28,2019.9.15,2,110,admin662
Edu316700,불안한 사물들,2019.6.26,2019.9.22,1,50,admin168
Edu316633,안은미래 known future,2019.6.26,2019.9.29,2,70,admin239
Edu258185,이스트빌리지 뉴욕: 취약하고 극단적인,2018.12.13,2019.2.24,2,110,admin131
Edu383403,[신진미술인 전시지원 프로그램] 사로잡힌 돌,2019.6.7,2019.6.26,1,200,admin870
Edu383366,[신진미술인 전시지원 프로그램] 플로어,2019.6.7,2019.6.26,2,160,admin665
Edu373069,[신진미술인 전시지원 프로그램] 다리의 감정,2019.5.10,2019.5.29,3,160,admin929
Edu833734,2019 난지미술창작스튜디오 13기 국외입주자 1분기 성과보고전,2019.4.24,2019.4.28,1,140,admin823
Edu327108,2018 SeMA 신소장품 《멀티-액세스 4913》,2019.4.16,2019.6.2,1,10,admin781
Edu316512,소프트 카오스: 공간 상상,2019.3.26,2019.9.22,1,40,admin205
Edu316623,데이비드 호크니,2019.3.22,2019.8.4,2,20,admin683
Edu343485,WEB-RETRO,2019.3.12,2019.6.9,1,60,admin303
Edu426104,2019 대외협력전시 <SeMA Collection: 이야기가 있는 그림>,2019.3.5,2019.3.30,1,70,admin137
Edu330921,모두를 위한 세계,2019.3.1,2019.5.26,3,120,admin914
Edu316485,2019 서울 포커스 <두 번의 똑같은 밤은 없다>,2019.2.26,2019.6.9,1,80,admin592
Edu306977,한묵: 또 하나의 시(詩)질서를 위하여,2018.12.11,2019.3.24,2,160,admin616
Edu692990,[2018 시민큐레이터 기획전시] 《북조선 판타지》,2018.11.9,2018.11.18,3,100,admin508
Edu693106,[2018 시민큐레이터 기획전시] 《리리리리 컬렉션(Re-Re-Re-Re Collection)》,2018.11.3,2018.11.18,1,100,admin235
Edu294734,2018 서울사진축제 <멋진 신세계>,2018.11.1,2019.2.10,2,140,admin531
Edu217337,"뉴스, 리플리에게",2018.10.30,2019.2.24,3,160,admin381
Edu271823,2018 SeMA 예술가 길드: 만랩(萬Lab),2018.10.19,2018.11.16,1,60,admin574
Edu693190,[2018 시민큐레이터 기획전시] 《평균의 균열-Crack the Average》,2018.10.18,2018.10.27,1,60,admin864
Edu693307,[2018 시민큐레이터 기획전시] 《레몬향기를 맡고 싶소》,2018.10.17,2018.10.30,1,70,admin488
Edu693637,[2018 시민큐레이터 기획전시] 《누가 그녀를 모함했나?-Who framed her?》,2018.10.12,2018.10.21,3,170,admin299
Edu833720,2018 난지아트쇼IV <뻐꾸기알> ,2018.10.4,2018.10.14,2,10,admin990
Edu694079,[2018 시민큐레이터 기획전시] 《WET PAINT》,2018.10.2,2018.10.14,2,170,admin703
Edu694363,"[2018 시민큐레이터 기획전시] 《우리동네 후미진 골목속에는,》",2018.10.2,2018.10.15,2,140,admin840
Edu833702,2018 난지미술창작스튜디오 12기 국외입주자 3분기 성과보고전 ,2018.9.19,2018.9.22,3,100,admin385
Edu694587,[2018 시민큐레이터 기획전시] 《NOLIFEKING》,2018.9.18,2018.9.25,1,110,admin423
Edu695004,[2018 시민큐레이터 기획전시] 《Still There》,2018.9.13,2018.9.22,3,200,admin775
Edu231879,서울미디어시티비엔날레 2018 <좋은 삶>,2018.9.6,2018.11.18,2,150,admin793
Edu217396,휘어진 공간 속으로,2018.9.4,2019.3.10,2,140,admin695
Edu695423,[2018 시민큐레이터 기획전시] 《Hindsight; 뒤늦은 깨달음》,2018.9.1,2018.9.10,2,80,admin794
Edu269906,2018 대외협력전시 <SeMA Collection: 머물다>,2018.8.13,2018.8.31,3,40,admin132
Edu265284,2018 대외협력전시 <SeMA Collection: 당신이 드시는 것이 당신입니다(You are what you eat)>,2018.7.25,2018.8.24,2,80,admin372
Edu217302,북서울미술관 개관 5주년 기념전 <2018 타이틀 매치: 이형구 vs. 오민>,2018.7.24,2018.10.14,1,30,admin553
Edu199383,서울시 여성가족재단 SeMA 컬렉션 라운지 4호,2018.7.2,2019.7.2,1,190,admin995
Edu216744,주고받는 모서리_오종의 공간프로젝트,2018.6.29,2018.8.15,2,90,admin863
Edu216726,보이스리스 - 일곱 바다를 비추는 별,2018.6.26,2018.8.15,3,190,admin157
Edu199272,서울시청 신청사 SeMA 컬렉션 라운지 2호,2018.6.26,2019.6.24,2,120,admin254
Edu833719,2018 난지미술창작스튜디오 12기 국외입주자 2분기 성과보고전 <Shifting Surfaces>,2018.6.21,2018.6.24,3,90,admin177
Edu216712,SeMA 개관30주년 기념전 <디지털 프롬나드>,2018.6.12,2018.8.15,3,120,admin734
Edu216768,날씨의 맛,2018.6.12,2018.9.30,2,40,admin966
Edu833731,2018 난지아트쇼II <믿음을 구하라>,2018.6.7,2018.6.17,1,160,admin631
Edu199409,서울시 tbs교통방송 SeMA 컬렉션 라운지 5호,2018.5.17,2019.11.10,1,200,admin726
Edu207538,2018 서울 포커스 《행동을 위한 디자인》,2018.5.15,2018.9.30,3,70,admin853
Edu211060,역사갤러리 특별전 <거울 없는 방 >,2018.5.3,2018.7.1,3,20,admin433
Edu599,관객행동요령,2018.5.3,2018.7.1,3,110,admin288
Edu598,가나아트 컬렉션 상설전 <시대유감 時代遺憾>,2018.4.24,2020.3.8,1,10,admin650
Edu833723,2018 난지미술창작스튜디오 12기 오픈스튜디오,2018.4.20,2018.4.21,1,70,admin609
Edu833724,2018 난지아트쇼 I <Show!Room!>,2018.4.20,2018.4.29,2,50,admin729
Edu537,2017 대외협력전시 <SeMA Collection : 가족 이야기>,2017.5.24,2017.6.11,2,200,admin277
Edu595,2017 SeMA 신소장품 <하늘 땅 사람들>,2018.4.17,2018.5.20,3,180,admin830
Edu593,씨실과 날실로,2018.4.17,2018.6.3,1,160,admin970
Edu592,IN_D_EX : 인덱스,2018.4.17,2018.6.10,3,90,admin528
Edu590,유령팔,2018.4.3,2018.7.8,1,90,admin784
Edu591,SeMA 소장작품 기획전 <잃어버린 세계>,2018.3.27,2018.7.1,1,190,admin778
Edu833721,2018 난지미술창작스튜디오 12기 국외입주자 1분기 성과보고전 <Holo:솔로>,2018.3.22,2018.3.25,1,50,admin978
Edu586,예술가 (없는) 초상,2018.3.20,2018.5.20,1,90,admin803
Edu589,SeMA 해외순회전 <안상수의 삶-글짜>,2018.3.15,2018.9.2,3,30,admin117
Edu588,잭슨홍의 사물탐구놀이,2018.3.13,2018.8.19,1,80,admin533
Edu587,돌아오지 못한 영혼들,2018.3.1,2018.4.15,2,80,admin463
Edu585,2018 대외협력전시 <SeMA Collection: 올림픽 기념전 화합과 전진>,2018.2.1,2018.3.18,1,60,admin162
Edu584,두 번째 풍경,2018.1.23,2018.3.25,3,190,admin916
Edu689773,2017 사진아카데미전시,2018.1.1,2018.1.31,1,80,admin308
Edu833722,2017 난지미술창작스튜디오 11기 국외입주자 4분기 성과보고전 <Melting Point> ,2017.12.18,2017.12.21,3,100,admin182
Edu581,망각에 부치는 노래,2017.12.12,2018.2.25,1,30,admin248
Edu575,미래 과거를 위한 일,2017.12.12,2018.3.4,2,60,admin753
Edu580,2017 서울 포커스 [25.7],2017.12.12,2018.3.11,2,140,admin351
Edu578,W쇼―그래픽 디자이너 리스트,2017.12.8,2018.1.12,1,20,admin755
Edu583,SeMA 벙커 역사갤러리 특별전 <암흑 물질>,2017.12.7,2018.1.21,1,180,admin700
Edu582,“Vision on Vision” - 르메트르 비디오 콜렉션,2017.12.7,2018.1.21,1,100,admin645
Edu579,더불어 평화,2017.12.5,2018.3.4,2,10,admin458
Edu576,경계 155_BORDER 155,2017.12.5,2018.3.4,3,80,admin130
Edu833726,2017 난지아트쇼5 <무단결석: Ecole Buissonniere> ,2017.11.17,2017.11.19,1,190,admin900
Edu698002,[2017 시민큐레이터 기획전시] 《제3지대의 하이드》,2017.11.16,2017.11.30,2,110,admin979
Edu696163,[2017 시민큐레이터 기획전시] 《마음챙김: Mindfulness》,2017.11.3,2017.11.12,3,180,admin597
Edu696966,[2017 시민큐레이터 기획전시] 《분더캄머(Wunderkammer) : 내 방 안의 보물》,2017.10.30,2017.11.8,3,10,admin944
Edu697285,[2017 시민큐레이터 기획전시] 《양식산 인간》,2017.10.25,2017.11.7,1,80,admin867
Edu526,메이크 잇 Make it,2017.10.24,2017.12.25,1,110,admin796
Edu695922,[2017 시민큐레이터 기획전시] 《작은 신화》,2017.10.20,2017.10.30,2,120,admin455
Edu571,"2017 대외협력전시 <상상도시, 강남>",2017.10.20,2017.11.9,1,50,admin780
Edu697566,[2017 시민큐레이터 기획전시] 《나이트메어 드로잉 Nigntmare Drawing》,2017.10.19,2017.10.29,1,20,admin811
Edu570,2017 난지아트쇼4 <맵핑 더 시티(MAPPING THE CITY)>,2017.10.19,2017.10.29,1,10,admin802
Edu572,SeMA 벙커 개관기획전 <여의도 모더니티>,2017.10.19,2017.11.26,3,30,admin921
Edu573,"SeMA 벙커 역사갤러리 특별전 <나, 박정희, 벙커>",2017.10.19,2017.11.26,3,60,admin222
Edu696296,[2017 시민큐레이터 기획전시] 《우리 우상》,2017.10.18,2017.10.27,1,20,admin783
Edu696433,[2017 시민큐레이터 기획전시] 《우천시엔 창문을 열지마시오》,2017.10.7,2017.10.19,2,160,admin276
Edu698375,[2017 시민큐레이터 기획전시] 《완벽한 소풍을 위하여 (For a Perfect Picnic)》,2017.10.7,2017.10.19,1,30,admin637
Edu569,벌집도시와 소리숨바꼭질!,2017.9.29,2018.2.18,3,170,admin682
Edu568,홍성도 기증작가초대전 <시차 그리고 시차>,2017.9.21,2017.11.12,2,120,admin967
Edu698247,[2017 시민큐레이터 기획전시] 《감시선(감시:시선)》,2017.9.20,2017.9.30,2,30,admin946
Edu833732,2017 난지미술창작스튜디오 11기 국외입주자 3분기 성과보고전 Nanji 11th International Artists' Group Exhibition,2017.9.18,2017.9.24,2,40,admin902
Edu566,불협화음의 기술: 다름과 함께 하기,2017.9.12,2017.11.12,2,20,admin625
Edu565,역사풍경 : 서소문동37번지,2017.9.3,2017.11.12,2,80,admin713
Edu564,자율진화도시,2017.9.3,2017.11.12,1,180,admin230
Edu567,2017 대외협력전시 <SeMA Collection : 청산별곡>,2017.8.9,2017.8.31,3,120,admin210
Edu833716,2017 난지아트쇼 3 <그날 우리는 무엇을 본 걸까? A Summer Place> ,2017.7.27,2017.8.6,2,190,admin957
Edu547,2017 타이틀매치 : 김차섭 vs. 전소정 ≪내 세대의 노래≫,2017.7.25,2017.10.15,2,170,admin786
Edu546,아시아 디바: 진심을 그대에게,2017.7.14,2017.10.9,1,140,admin344
Edu833717,2017 난지 11기 국외입주자 2분기성과보고전 no place,2017.6.14,2017.6.18,2,190,admin662
Edu543,공예의 자리 Rethinking craft,2017.6.6,2017.9.24,3,50,admin168
Edu833712,2017 난지아트쇼 Ⅱ <해적판 Pirate Edition>,2017.6.3,2017.6.11,3,80,admin239
Edu540,하이라이트,2017.5.30,2017.8.15,2,120,admin131
Edu525,율동 : 규칙과 운동감,2017.5.2,2017.9.3,1,50,admin870
Edu536,"<다시, 꽃을 보다: 전쟁 그리고 여성들>",2017.4.28,2017.5.28,3,200,admin665
Edu833709,2017 난지미술창작스튜디오 11기 오픈스튜디오,2017.4.14,2017.4.15,2,120,admin929
Edu833711,2017 난지아트쇼 Ⅰ<20면체 분광기>,2017.4.14,2017.4.15,2,40,admin823
Edu527,덕후 프로젝트: 몰입하다,2017.4.11,2017.7.9,1,70,admin781
Edu533,2017 커뮤니티 아트 <안녕하세요>,2017.4.4,2017.6.25,3,70,admin205
Edu689809,2016 사진아카데미전시,2017.2.1,2017.2.28,2,120,admin683
Edu833708,2017 난지 11기 국외입주자 1분기 성과보고전 NANJI 11th Season 1 Group Exhibition,2017.3.21,2017.3.24,1,40,admin303
Edu528,난지10기 리뷰전 : 보고.10.다,2017.3.21,2017.4.16,1,200,admin137
Edu530,2016 신소장품 선選,2017.3.21,2017.5.21,2,30,admin914
Edu520,SeMA Green <날개.파티>,2017.3.14,2017.5.14,3,10,admin592
Edu524,"내일, 세상은 아름다울 것이다",2017.3.10,2021.12.31,2,40,admin616
Edu522,미술관이 된 구벨기에영사관,2017.2.7,2023.5.7,3,100,admin508
Edu519,도시?도시인 City and the People,2017.1.17,2017.3.26,3,80,admin235
Edu512,2016 서울포커스 <무엇과도 바꿀 수 없는 - No Longer Objects>,2016.12.20,2017.3.19,2,110,admin531
Edu833714,2016 난지미술창작스튜디오 10기 국외입주자 4분기 성과보고전 <Thought Bubbles>,2016.12.19,2016.12.22,3,50,admin381
Edu513,한불수교 130주년 및 경향신문 창간 70주년 기념 <르누아르의 여인>展,2016.12.16,2017.3.26,2,180,admin574
Edu514,SeMA Gold <X: 1990년대 한국미술>,2016.12.13,2017.2.19,2,110,admin864
Edu517,오늘의 옹기: 이현배,2016.12.13,2017.2.26,2,140,admin488
Edu495,SeMA 전시 아카이브 1988-2016: 읽기 쓰기 말하기,2016.12.13,2017.3.26,1,190,admin299
Edu499,점?선?면 Point?Line?Plane,2016.12.13,2017.4.16,2,80,admin990
Edu518,전국시도립미술관 네트워크 SeMA 어린이체험 순회전 <빨주노초파남보>,2016.11.23,2017.9.24,3,160,admin703
Edu833715,난지미술창작스튜디오 10기 오픈스튜디오,2016.11.18,2016.11.20,1,110,admin840
Edu833706,2016 난지아트쇼 VII <난지도 플럭스>,2016.11.10,2016.11.20,2,20,admin385
Edu696414,[2016 시민큐레이터 기획전시] 《제3의 눈》,2016.11.2,2016.11.12,3,200,admin423
Edu498,"2016 타이틀 매치 : 주재환 vs 김동규 (빛나는 폭력, 눈감는 별빛)",2016.7.26,2016.10.16,3,130,admin775
Edu511,2016 서울사진축제 <서울 新아리랑>,2016.11.1,2016.11.30,3,20,admin793
Edu508,2016  대외협력전시 <SeMA Collection : 집요한 손_Tenacious Hands>,2016.10.25,2016.11.20,2,10,admin695
Edu696543,[2016 시민큐레이터 기획전시] 《무대 속 동화세계 ? 어린왕자》,2016.10.24,2016.10.29,1,90,admin794
Edu696688,[2016 시민큐레이터 기획전시] 《Tunable(Tune+Able)》,2016.10.19,2016.10.26,2,140,admin132
Edu696853,[2016 시민큐레이터 기획전시] 《Make Your Scene》,2016.10.14,2016.10.23,2,140,admin372
Edu833705,2016 난지아트쇼 VI <거미가 줄을 타는 이유>,2016.10.6,2016.10.16,2,110,admin553
Edu697151,[2016 시민큐레이터 기획전시] 《오.두.방 _五色話頭房》,2016.10.6,2016.10.17,2,160,admin995
Edu697879,[2016 시민큐레이터 기획전시] 《Virtual Visual》,2016.10.1,2016.10.16,1,50,admin863
Edu698043,[2016 시민큐레이터 기획전시] 《오오이십오 ? 5X5=25》,2016.9.30,2016.10.9,2,200,admin157
Edu698147,[2016 시민큐레이터 기획전시] 《엄마도 엄마가 필요해》,2016.9.28,2016.10.7,1,80,admin254
Edu833704,2016 난지 10기 국외입주자 3분기 성과보고전 NANJI'S QUEEN: ZONES OF DISCOMFORT,2016.9.20,2016.9.23,2,130,admin177
Edu698422,[2016 시민큐레이터 기획전시] 《드림 × Dream ? 열린옷장 이야기》,2016.9.20,2016.9.29,2,100,admin734
Edu698274,[2016 시민큐레이터 기획전시] 《Red Shoes ? 탐하다 혹은 지키다》,2016.9.20,2016.10.2,3,30,admin966
Edu833710,2016 난지아트쇼 IV <프리-마이크로시티랩>,2016.9.1,2016.9.11,3,170,admin631
Edu833703,2016 난지아트쇼 V <내/일을 위한 시간>,2016.9.1,2016.9.11,1,150,admin726
Edu492,SeMA 비엔날레 <미디어시티서울> 2016,2016.9.1,2016.11.20,1,60,admin853
Edu496,SeMA기증작가초대전 <강봉규의 사진: 인간극장>,2016.8.25,2016.12.18,2,170,admin433
Edu497,동북부 미술대학 연계 발굴 프로젝트: 낯선 이웃들,2016.7.22,2016.10.16,1,90,admin288
Edu501,2016  대외협력전시 <SeMA Collection : 식물채집_Botanicals>,2016.7.20,2016.8.18,2,130,admin650
Edu833699,"2016 난지아트쇼 III <부끄럽고, 사소한>",2016.6.30,2016.7.10,1,190,admin609
Edu833697,2016 난지 10기 국외입주자 2분기 성과보고전 MEETING IN TWO CIRCLES,2016.6.16,2016.6.19,3,200,admin729
Edu487,백남준 10주기 추모전 <백남준 ∞ 플럭서스>,2016.6.14,2016.7.31,1,160,admin277
Edu488,천경자 1주기 추모전 : 바람은 불어도 좋다 어차피 부는 바람이다,2016.6.14,2016.8.7,3,40,admin830
Edu486,<박성원 유리조형>전,2016.6.7,2016.7.24,2,90,admin970
Edu484,2016  대외협력전시 <SeMA Collection : 식물채집_Botanicals> ,2016.5.25,2016.6.23,1,160,admin528
Edu833698,2016 난지아트쇼 II <회화극장>,2016.5.19,2016.5.29,3,190,admin784
Edu481,사회 속 미술 - 행복의 나라,2016.5.10,2016.7.6,3,50,admin778
Edu479,이주용 사진관,2016.5.3,2016.8.15,3,50,admin978
Edu477,가나아트 컬렉션 앤솔러지,2016.5.3,2017.9.4,1,30,admin803
Edu476,드림웍스애니메이션 특별전: 스케치에서 스크린으로,2016.4.30,2016.8.15,3,150,admin117
Edu465,별별수저EATING TOOLS,2016.3.15,2016.5.15,2,170,admin533
Edu833701,난지미술창작스튜디오 10기 오픈스튜디오,2016.4.22,2016.4.23,2,130,admin463
Edu833700,2016 난지아트쇼 I <공기식물들>,2016.4.22,2016.5.1,2,130,admin162
Edu464,한불수교 130주년 기념 프로젝트 <도시괴담>,2016.4.5,2016.5.29,3,130,admin916
Edu469,한불수교 130주년 사진전 <보이지 않는 가족>,2016.4.5,2016.5.29,2,130,admin308
Edu467,<브릴리언트 메모리즈: 동행>,2016.3.22,2016.4.21,2,90,admin182
Edu466,제4회 대한민국아카데미미술협회,2016.3.15,2016.3.20,1,120,admin248
Edu462,빨주노초파남보,2016.3.2,2016.7.24,3,130,admin753
Edu689845,2015 사진아카데미전시,2016.2.1,2016.2.29,2,60,admin351
Edu456,2015 SeMA 컬렉션 <쇼케이스 Showcase>,2016.1.19,2016.2.27,1,80,admin755
Edu455,난지 9기 리뷰 : 구사구용(九思九容),2016.1.19,2016.2.28,3,30,admin700
Edu457,<스탠리 큐브릭>展 전시연계프로그램:큐브릭 큐브,2016.1.19,2016.3.13,2,40,admin645
Edu454,2016 SeMA Blue <서울 바벨>,2016.1.19,2016.4.5,3,80,admin458
Edu833694,"9기 국외입주자 4분기 성과보고전 따르릉, 따르릉",2015.12.17,2015.12.20,1,30,admin130
Edu451,SeMA근현대사프로젝트<미술관이 된 구벨기에영사관>,2015.12.15,2016.2.21,2,50,admin900
Edu444,현대카드 컬처프로젝트 19 스탠리 큐브릭,2015.11.29,2016.3.13,1,80,admin979
Edu449,2015 서울사진축제,2015.11.25,2015.12.25,2,110,admin597
Edu833696,난지 9기 입주작가 오픈스튜디오,2015.11.20,2015.11.22,1,100,admin944
Edu833693,2015 국제 입주작가 교환프로그램 성과보고전,2015.11.20,2015.11.22,1,90,admin867
Edu833692,2015 난지아트쇼 VII : UNKILLABLE,2015.10.22,2015.11.1,2,40,admin796
Edu436,2015년 대외협력전시 <SeMA Craft Collection : 공예의 길>,2015.10.16,2015.11.12,1,200,admin455
Edu419,2015 서울포커스 <손의 축제>,2015.9.8,2015.11.8,3,110,admin780
Edu693832,"[2015 시민큐레이터 기획전시] 《Why?Coffee,당신에게 커피는 무엇인가요?》",2015.10.13,2015.10.19,3,180,admin811
Edu694982,[2015 시민큐레이터 기획전시] 《복합매체 신용산》,2015.10.10,2015.10.20,3,90,admin802
Edu694072,[2015 시민큐레이터 기획전시] 《앗 차하는 순간(momentea)》,2015.10.8,2015.10.14,3,40,admin921
Edu833691,2015 NANJI ART SHOW ⅤI 그때 그일을 말하자면 Replaying the Scene,2015.10.1,2015.10.11,1,130,admin222
Edu420,타이틀매치 : 금누리 vs 홍정표,2015.9.8,2015.11.8,1,170,admin783
Edu695882,[2015 시민큐레이터 기획전시] 《푸른봄을 그리는 그림책》,2015.10.1,2015.10.11,2,60,admin276
Edu695980,"[2015 시민큐레이터 기획전시] 《서초구에 있는 무지개아파트 - 또 다른 풍경, 그 안의 이야기》",2015.9.30,2015.10.18,2,150,admin637
Edu421,디지펀아트 : 도시 풍경,2015.9.22,2015.12.13,2,160,admin682
Edu425,NOT Untitled 일본군 ‘위안부’ 그 역사의 흔적_이창진,2015.9.22,2015.12.13,2,120,admin967
Edu695399,[2015 시민큐레이터 기획전시] 《몽유노원도(夢遊노원圖)》,2015.9.21,2015.9.25,3,100,admin946
Edu695741,[2015 시민큐레이터 기획전시] 《S.O.S (Sound of Shout)》,2015.9.11,2015.9.17,1,180,admin902
Edu424,동아시아 페미니즘: 판타시아,2015.9.15,2015.11.8,1,60,admin625
Edu833690,2015 난지 9기 국외입주자 3분기 성과보고전 COME,2015.9.14,2015.9.18,2,70,admin713
Edu694322,[2015 시민큐레이터 기획전시] 《인스턴트 오마주(Instant Hommage)》,2015.9.12,2015.9.21,1,40,admin230
Edu695217,[2015 시민큐레이터 기획전시] 《HOW TO BREATHE》,2015.9.12,2015.9.25,2,160,admin210
Edu695591,"[2015 시민큐레이터 기획전시] 《실마리전 2015발상의 전환 ? 예술과 치유, 그 첫 번째 실마리》",2015.9.11,2015.9.16,2,50,admin957
Edu423,2015 <SeMA 예술가 길드 아트페어> SeMA shot : 공허한 제국,2015.9.4,2015.9.13,2,80,admin786
Edu833689,2015 NANJI ART SHOW Ⅴ 난지도 밀실사건 The Sealed Room Incident of Nanjido,2015.8.27,2015.9.6,3,30,admin344
Edu414,비밀의 왕국_Wonderland in SeMA,2015.8.13,2016.2.14,2,60,admin662
Edu408,광복70주년기념 <북한프로젝트>,2015.7.21,2015.9.29,2,60,admin168
Edu410,2015년 대외협력전시 <SeMA Collection 안상수 : 원 아이 프로젝트_One Eye Project>,2015.7.16,2015.8.16,3,90,admin239
Edu833688,2015 난지아트쇼 Ⅳ 청색증 CYANOSIS,2015.7.9,2015.7.19,3,120,admin131
Edu833680,2015 NANJI ART SHOW III <뇌난쟁이들의 도구>,2015.6.18,2015.6.28,1,40,admin870
Edu403,조우_ACCIDENTAL ENCOUNTER,2015.6.12,2015.8.16,1,130,admin665
Edu402,"김종학 컬렉션, 창작의 열쇠",2015.6.9,2015.8.16,1,160,admin929
Edu400,피스마이너스원: 무대를 넘어서,2015.6.9,2015.8.23,1,90,admin823
Edu833679,2015 NANJI ART SHOW II <밤바다 Nightseeing>,2015.5.28,2015.6.7,2,100,admin781
Edu398,"SeMA 판화 컬렉션 - 판화, 시대를 담다",2015.5.19,2015.8.23,2,50,admin205
Edu397,2015 대외협력전시 <SeMA Collection 주명덕 : 얼굴들_The Faces>,2015.5.13,2015.6.14,1,130,admin683
Edu395,2015 SeMA Green : 윤석남 - 심장,2015.4.21,2015.6.28,3,130,admin303
Edu833678,2015 NANJI ART SHOW I <생강의 모양>,2015.4.17,2015.4.26,3,30,admin137
Edu199339,서울시 인재개발원 SeMA 컬렉션 라운지 3호,2015.3.25,2019.5.22,2,60,admin914
Edu393,수집이 창조가 될 때,2015.3.17,2015.5.25,1,90,admin592
Edu394,2015  대외협력전시 <SeMA Collection : 확장된 조각_Expanded Sculpture> ,2015.3.13,2015.4.16,3,30,admin616
Edu377,협력적 주거 공동체 Co-living Scenarios,2014.12.9,2015.1.25,2,190,admin508
Edu386,미묘한 삼각관계,2015.3.10,2015.5.10,3,50,admin235
Edu392,떠도는 몸들,2015.3.10,2015.5.17,1,180,admin531
Edu391,2014 신소장작품전 2부 세마 미디어 살롱 Media Salon de SeMA : SeMA's New Acquisitions 2014 Ⅱ,2015.3.10,2015.5.17,1,180,admin381
Edu389,코끼리 주름 펼치다,2015.3.5,2015.5.10,3,150,admin574
Edu390,끼리끼리 코끼리,2015.3.5,2015.6.21,3,160,admin864
Edu388,2014 신소장작품전 세마 살롱 Salon de SeMA : SeMA's New Acquistions 2014,2015.2.17,2015.3.29,2,190,admin488
Edu385,케테 콜비츠 Kathe Kollwitz,2015.2.3,2015.4.19,3,110,admin299
Edu383,2014 대외협력전시 <SeMA Craft Collection : 재료의 발견 2>,2014.12.22,2015.1.21,2,20,admin990
Edu833677,2014 8기 국외단기입주자 4분기 성과보고전 NANJI TANKS,2014.12.19,2014.12.21,2,40,admin703
Edu384,난지 8기 리뷰전 <팔로우-미>,2014.12.18,2015.1.18,3,180,admin840
Edu381,2014 서울포커스 <광고는 메시지>,2014.12.18,2015.2.8,1,160,admin385
Edu382,2014 대외협력전시 <SeMA Collection : 이야기가 있는 그림>,2014.12.17,2015.1.30,1,20,admin423
Edu374,<아프리카 나우: Political Patterns>,2014.12.16,2015.2.15,3,50,admin775
Edu379,로우테크놀로지: 미래로 돌아가다,2014.12.9,2015.2.1,2,30,admin793
Edu380,난지미술창작스튜디오 8기 입주작가 오픈스튜디오,2014.11.21,2014.11.23,1,120,admin695
Edu833675,2014 NANJI ART SHOW VIII ''''DOCUMENTARIES : The world behind the moon'''',2014.11.21,2014.11.23,2,80,admin794
Edu378,"이영순-지승작품전:옛것 같은 새것, 새것 같은 옛것",2014.11.18,2015.2.22,3,150,admin132
Edu833674,2014 NANJI ART SHOW VII <전시의 대가>,2014.11.11,2014.11.13,3,100,admin372
Edu376,변순철 사진전 <전국노래자랑>,2014.10.28,2015.1.4,3,10,admin553
Edu375,2014 대외협력전시 <SeMA Collection: 백남준 에디션>,2014.10.24,2014.11.23,1,190,admin995
Edu833673,2014 NANJI ART SHOW VI <부드러운 스크린 : 장치들의 몽타주>,2014.10.14,2014.10.26,3,200,admin863
Edu371,강북의 달 The Relics of Old Seoul,2014.10.7,2014.11.23,3,120,admin157
Edu372,타이틀매치_강은엽 vs 김지은,2014.10.7,2014.11.23,2,200,admin254
Edu367,12간지 레이스: Art-born animals,2014.10.7,2015.2.8,1,150,admin177
Edu833672,2014 난지아트쇼 V ; Heavy Habit,2014.9.25,2014.10.5,2,180,admin734
Edu364,2014 대외협력전시 SeMA Media Art Collection+ 세마 미디어아트 컬렉션 플러스,2014.9.17,2014.10.5,3,20,admin966
Edu833687,2014 8기 국외단기입주자 3분기 성과보고전 BRIDGES MADE OUT OF ROCKS,2014.9.15,2014.9.18,2,80,admin631
Edu366,SeMA 비엔날레 <미디어시티서울> 2014,2014.9.2,2014.11.23,1,50,admin726
Edu363,작은미래-적정기술의 적정성,2014.8.26,2014.11.2,2,100,admin853
Edu833686,2014 난지아트쇼 Ⅳ : AIA  ,2014.8.21,2014.8.31,1,180,admin433
Edu361,"영원한 나르시시스트, 천경자",2014.8.13,2022.12.31,1,40,admin288
Edu359,"2014 대외협력전시 <SeMA Collection : 신학철, 박불똥의 현대사 몽타주>",2014.7.25,2014.8.14,3,130,admin650
Edu357,생명수업: 세상에게,2014.7.8,2014.8.10,3,150,admin609
Edu833685,2014 난지아트쇼 Ⅲ : 느낌의 공동체 / Band of Feeling,2014.7.4,2014.7.13,2,50,admin729
Edu351,만물상-사물에서 존재로,2014.6.10,2014.8.10,2,190,admin277
Edu358,2014 대외협력전시 <SeMA Collection : 포착된 시간>,2014.7.3,2014.8.28,3,170,admin830
Edu355,황규태_사진 이후의 사진,2014.7.1,2014.9.14,3,200,admin970
Edu833684,2014 8기 국외단기입주자 2분기 성과보고전 CROSSING DISTANCES,2014.6.19,2014.6.22,3,20,admin528
Edu350,"유니버설 스튜디오, 서울",2014.6.17,2014.8.10,2,130,admin784
Edu833683,"2014 난지아트쇼 II : FTS, We are going to space",2014.6.13,2014.6.13,1,70,admin778
Edu352,<은밀하게 위대하게>,2014.6.10,2014.8.3,2,190,admin978
Edu347,VIP 1950-60: 빈티지 사진,2014.6.10,2014.10.12,1,200,admin803
Edu346,SeMA BLUE 2014 <오작동 라이브러리>,2014.6.3,2014.8.3,1,130,admin117
Edu833682,2014 난지아트쇼 I <미술행위>,2014.5.30,2014.6.8,3,80,admin533
Edu345,<소음인가요>,2014.5.13,2014.6.22,1,50,admin463
Edu344,2014 대외협력전시 <SeMA Collection : 이야기가 있는 그림>,2014.4.22,2014.5.24,3,40,admin162
Edu342,기증작가 초대전 I - 이세득?황창배,2014.4.22,2014.6.8,2,200,admin916
Edu341,기증작가 초대전 II - 동강 조수호,2014.4.22,2014.6.8,1,50,admin308
Edu343,2013 신소장작품전 <선물 SeMA Gift>,2014.4.15,2014.6.1,2,130,admin182
Edu340,2014 대외협력전시 <SeMA Collection : 홍승혜의 구축과 증식>,2014.4.4,2015.1.6,2,110,admin248
Edu336,굿모닝 Mr.로봇,2014.3.25,2014.8.24,2,40,admin753
Edu833681,"난지 8기 국외단기입주자 1분기 성과보고전: Circular Hands, Centripetal Eyes",2014.3.24,2014.3.27,3,20,admin351
Edu339,한중현대미술전 - 액체문명展,2014.3.20,2014.5.11,2,130,admin755
Edu335,성장교본 The Growing Manual,2014.3.18,2014.4.20,3,200,admin700
Edu338,카오스-여선구展,2014.3.18,2014.5.25,2,40,admin645
Edu318,7기 입주작가 오픈스튜디오,2013.10.25,2013.10.27,1,110,admin458
Edu334,2014 세마골드 <노바디>,2014.3.11,2014.5.18,2,30,admin130
Edu333,콘택트 CONTACT,2014.3.4,2014.5.18,2,80,admin900
Edu332,보이지 않는 사람들,2014.2.7,2014.3.2,2,170,admin979
Edu331,사진과 미디어 : 새벽 4시,2014.1.28,2014.3.23,2,120,admin597
Edu328,2013 대외협력전시 <SeMA Collection : 상상동물원>,2013.12.27,2014.1.22,1,60,admin944
Edu329,태도가 형식이 될 때,2013.12.24,2014.2.2,2,80,admin867
Edu327,2013 서울 포커스 - 한국화의 반란 Beyond Korean Painting,2013.12.20,2014.2.9,3,90,admin796
Edu326,서울시립 북서울미술관 개관전 Ⅱ부 <장면의 재구성 #2 _ NEW SCENES>,2013.12.20,2014.3.23,2,30,admin455
Edu833665,"2013 국외단기입주자 4분기 성과보고전 : Reality, Perspectives and Encounters",2013.12.17,2013.12.20,3,190,admin780
Edu330,스토브가 있는 아뜰리에,2013.12.17,2014.2.20,1,40,admin811
Edu324,2013 Emerging Artists: 신진작가 전시지원 프로그램 보고展 <라운드-업>,2013.12.13,2014.1.12,3,200,admin802
Edu325,2013년 서울시립미술관 소장작품 순회전 <굿모닝 스트레인저> 2차,2013.12.10,2013.12.21,3,200,admin921
Edu323,2013 대외협력전시 <SeMA Craft Collection : 재료의 발견>,2013.11.20,2013.12.30,2,40,admin222
Edu322,"Analog Welcome, Digital Archive",2013.11.16,2013.12.15,3,200,admin783
Edu320,2013년 서울시립미술관 소장작품 순회전 <굿모닝 스트레인저> 1차,2013.11.6,2013.11.25,3,140,admin276
Edu321,프리비엔날레 허브,2013.11.5,2013.12.15,1,20,admin637
Edu319,2013 서울사진축제,2013.11.1,2013.12.1,3,200,admin682
Edu317,Nordic Passion : 북유럽 건축과 디자인,2013.10.22,2014.2.16,1,190,admin967
Edu314,2013년 서울시립미술관 소장작품 순회전 <공간별곡> 3차,2013.10.8,2013.10.24,2,10,admin946
Edu833664,<2013 난지아트쇼 VIII : 홍길동展>,2013.10.4,2013.10.13,3,150,admin902
Edu316,SeMA Green 김구림展 연계 퍼포먼스 <일반ㆍ특이 행동: 4개의 퍼포먼스>,2013.10.3,2013.10.3,2,130,admin625
Edu313,서울시립 북서울미술관 개관 소장품 기획전,2013.9.24,2013.11.24,1,20,admin713
Edu312,서울시립 북서울미술관 개관기념 소장품 사진기획전,2013.9.24,2013.12.1,3,10,admin230
Edu309,서울시립 북서울미술관 어린이갤러리 개관기념전,2013.9.24,2014.2.23,1,150,admin210
Edu833663,2013 국외단기입주자 3분기 성과보고전 : HETEROTOPIA,2013.9.23,2013.9.27,2,50,admin957
Edu308,이윤신-흉내 낼 수 없는 일상의 아름다움,2013.9.10,2013.11.24,2,70,admin786
Edu306,2013년 서울시립미술관 소장작품 순회전 <공간별곡> 2차,2013.9.7,2013.9.24,1,70,admin344
Edu833647,<2013 난지아트쇼 VII : INSTANT LANDSCAPE>,2013.8.29,2013.9.8,1,40,admin662
Edu304,2013 서울시립미술관 시민미술아카데미 전시회-네버엔딩 스토리; 우리들의 무한 상상이야기,2013.8.24,2013.9.1,1,150,admin168
Edu310,2013년 서울시립미술관 소장작품 순회전 <공간별곡> 1차,2013.8.23,2013.9.4,3,80,admin239
Edu303,"Video Fever: Screening, Live Performance and Talk",2013.7.30,2013.9.1,1,100,admin131
Edu833646,"2013 난지아트쇼 VI : SLOW-SLOW, QUICK-QUICK",2013.7.18,2013.8.4,1,20,admin870
Edu302,2013년 소장작품 자치구순회전 상상동물원展 - 중랑구,2013.7.16,2013.7.30,1,160,admin665
Edu298,SeMA Green 김구림展,2013.7.16,2013.10.13,3,110,admin929
Edu833670,2013 난지아트쇼 IV : 물物기척,2013.6.20,2013.6.30,1,130,admin823
Edu292,낙원을 그린 화가 고갱 그리고 그 이후,2013.6.14,2013.9.29,2,150,admin781
Edu833669,2013 국외단기입주자 2분기 성과보고전 : ONEPLUSONEPLUSONEPLUSONE,2013.6.11,2013.6.16,3,40,admin205
Edu295,2013 대외협력전시 SeMA Collection <2.5D: 차원을 넘어(Beyond Dimension)>,2013.6.11,2013.7.10,2,40,admin683
Edu291,"장응복의 부티크 호텔, 도원몽(桃源夢)",2013.5.28,2013.8.14,1,110,admin303
Edu833667,2013 난지아트쇼 III : 끝없이. 두 갈래로. 갈라지는. 길들.,2013.5.23,2013.6.2,3,70,admin137
Edu288,<종합극장: Interspace Dialogue>,2013.5.7,2013.5.26,2,30,admin914
Edu833666,"RESIDENCY, NOW",2013.5.2,2013.6.6,2,120,admin592
Edu833662,2013 난지아트쇼 II : 4 dialogues,2013.5.1,2013.5.10,1,180,admin616
Edu289,전국시도립미술관네트워크 하정웅컬렉션 특선전 기도의 미술,2013.4.30,2013.5.26,2,40,admin508
Edu833661,2013 난지아트쇼 Ⅰ: 므네모시네의 사생활,2013.4.10,2013.4.21,3,180,admin235
Edu286,한국-대만 교류전 대만현대미술 Rolling! Visual Art in Taiwan,2013.4.9,2013.6.16,2,90,admin531
Edu833668,2013 국외단기입주자 1분기 성과보고전 : Exquisite Corpse,2013.3.21,2013.3.24,1,170,admin381
Edu285,서울시립남서울생활미술관 개관기념전 (Craft Masters Today-제17회 서울시 무형문화재 기능보존회 초대전),2013.3.5,2013.5.12,1,30,admin574
Edu284,2012 신소장작품展,2013.1.18,2013.3.17,1,150,admin864
Edu282,2012 서울미술대전 - 한글TRANS: 영감과 소통의 예술,2012.12.28,2013.2.17,3,80,admin488
Edu283,2012 SeMA 아카이브: 돌아보기/내다보기,2012.12.26,2013.1.26,3,120,admin299
Edu278,팀 버튼,2012.12.12,2013.4.14,1,60,admin990
Edu281,인공정원,2012.12.4,2012.12.23,3,30,admin703
Edu277,2012 서울사진축제,2012.11.21,2012.12.30,3,10,admin840
Edu276,SIA 미디어아트 어워즈 수상작 전시,2012.11.8,2012.11.21,3,200,admin385
Edu275,SIA 미디어아트 어워즈,2012.10.24,2012.10.25,2,180,admin423
Edu274,주명덕_시작과 시작,2012.10.10,2012.11.25,3,180,admin775
Edu833660,2012난지아트쇼IX-Hypertext,2012.10.4,2012.10.14,3,60,admin793
Edu833659,2012난지아트쇼VIII - 판타스마코리아(Phantasmacoria),2012.9.18,2012.9.30,1,20,admin695
Edu268,제7회 서울국제미디어아트 비엔날레,2012.9.11,2012.11.4,3,180,admin794
Edu269,Historical Parade ; Images from elsewhere,2012.9.7,2012.9.30,1,100,admin132
Edu833657,Historical Parade ; Images from elsewhere,2012.9.7,2012.9.30,1,100,admin372
Edu833658,2012난지아트쇼VII - Roundabout,2012.8.30,2012.9.9,3,80,admin553
Edu266,2012 서울시립미술관 시민미술아카데미 전시회ㅣ 미술관 나들이 시인의 눈으로 마음으로,2012.8.23,2012.8.29,3,130,admin995
Edu265,난지미술창작스튜디오 국외단기입주자성과보고전,2012.8.10,2012.8.17,2,150,admin863
Edu833656,국외단기입주작가 성과보고전,2012.8.10,2012.8.17,3,180,admin157
Edu263,추상화로 감상하는 색채 교향곡,2012.7.31,2012.8.26,1,20,admin254
Edu833655,2012난지아트쇼VI - HERO,2012.7.17,2012.7.29,3,160,admin177
Edu833654,"2012난지아트쇼V - 난지(島), 예술가의 섬",2012.6.29,2012.7.11,2,30,admin734
Edu260,Mapping the Realities : SeMA 콜렉션으로 다시보는 1970-80년대 한국미술,2012.6.19,2012.8.19,2,10,admin966
Edu256,SeMA 중간허리 2012 : 히든 트랙,2012.6.19,2012.8.26,1,140,admin631
Edu833653,2012난지아트쇼IV - 부비다,2012.6.15,2012.6.24,3,200,admin726
Edu833652,2012난지아트쇼III - 서울해부도,2012.5.25,2012.6.6,3,170,admin853
Edu833651,국외단기입주자성과보고전,2012.5.11,2012.5.18,2,130,admin433
Edu252,민경갑_자연에 길을 묻다,2012.5.8,2012.7.8,1,200,admin288
Edu833650,"2012난지아트쇼II-사실,주의Real?! 임페터스(Impetus)",2012.4.27,2012.5.6,1,90,admin650
Edu833649,"2012난지아트쇼I - 사실,주의!Real?! 모옌가르드(Moyen Garde)",2012.4.12,2012.4.22,1,100,admin609
Edu249,SeMA 청년 2012 : 열두 개의 방을 위한 열두 개의 이벤트,2012.4.10,2012.5.17,3,50,admin729
Edu247,신소장작품 2011,2012.3.27,2012.4.22,1,200,admin277
Edu240,"하늘에서 본 지구, 세계적인 항공사진작가 얀 아르튀스 베르트랑 특별전",2011.12.15,2012.3.15,1,70,admin830
Edu243,한국추상_10인의 지평,2011.12.14,2012.2.19,3,180,admin970
Edu241,소장품기획전 <내 친구의 집은 어디인가>,2011.11.26,2012.3.11,1,90,admin528
Edu239,한국?호주 수교50주년 기념교류전- 한국: 도시 다시 상상하기,2011.11.5,2011.12.11,2,170,admin784
Edu204,SeMA 2010_이미지의 틈,2010.12.31,2011.2.13,1,40,admin778
Edu238,2011 서울사진축제,2011.11.2,2011.11.30,1,70,admin978
Edu234,최 덕 휴 展,2011.9.30,2011.11.13,3,120,admin803
Edu833648,2011 난지아트쇼 IX -  난지 또는 난지,2011.9.29,2011.10.16,3,110,admin117
Edu235,신소장작품 2010,2011.9.29,2011.10.23,1,200,admin533
Edu233,아시아현대미술프로젝트 CITY-NET ASIA 2011,2011.9.16,2011.11.20,1,140,admin463
Edu833635,2011 난지아트쇼 VIII - Bring into the world,2011.9.8,2011.9.24,3,140,admin162
Edu227,2011 서울시립미술관 시민미술아카데미 수강생 전시회  -   행복한 세상!  미술관 나들이 전,2011.9.3,2011.9.8,1,190,admin916
Edu833634,2011 난지아트쇼 VII -  백년몽원,2011.8.22,2011.9.4,2,190,admin308
Edu833633,2011 난지 아트쇼 VI - 달의 조각,2011.8.11,2011.8.14,3,110,admin182
Edu225,"만화 캐릭터, 미술과 만나다",2011.7.22,2011.9.18,2,50,admin248
Edu223,이미지의 수사학,2011.7.15,2011.9.18,2,30,admin753
Edu833632,2011 난지아트쇼 V - p.182 발췌,2011.7.7,2011.7.24,2,70,admin351
Edu833637,김민정개인전 a breathing Life,2010.8.4,2010.8.14,2,50,admin755
Edu833631,2011 난지아트쇼 IV - 뒷집화가,2011.6.16,2011.7.3,2,140,admin700
Edu833630,2011 난지아트쇼 III - 앞집화가,2011.5.26,2011.6.12,1,10,admin645
Edu833629,joep Overtoom solo show - SWEAT BOX,2011.5.18,2011.5.24,3,50,admin458
Edu833645,2011 난지아트쇼 II - 물질의 경계,2011.5.4,2011.5.15,1,200,admin130
Edu215,상상교과서_알고싶은 현대미술,2011.5.4,2011.7.10,1,80,admin900
Edu214,"2011 미술관 봄나들이 <불시착, 낯선 풍경>展",2011.5.3,2011.6.14,3,180,admin979
Edu171,만 레이와 그의 친구들의 사진 展,2010.6.16,2010.8.15,2,40,admin597
Edu213,"서울, 도시탐색전",2011.4.29,2011.6.26,2,180,admin944
Edu212,한국-호주 수교 50주년 기념 교류전,2011.4.26,2011.6.26,2,60,admin867
Edu210,"2011 서울미술대전, 극사실회화 - 눈을 속이다",2011.4.8,2011.6.30,2,70,admin796
Edu833644,2011 난지아트쇼Ⅰ - 人spiration,2011.4.7,2011.4.17,2,30,admin455
Edu208,베르나르 브네 - 페인팅 1961~2011,2011.3.9,2011.4.14,3,90,admin780
Edu207,서울시립미술관 소장품기획전_도시를 스케치하다,2011.2.25,2011.4.24,3,190,admin811
Edu180,서울사진축제,2010.12.20,2011.1.31,2,200,admin802
Edu178,색채의 마술사 샤갈展,2010.12.3,2011.3.27,3,50,admin921
Edu179,서울미술대전,2010.12.1,2010.12.19,1,40,admin222
Edu199,소장품기획Ⅲ전-서울의 초상,2010.10.29,2010.12.5,1,100,admin783
Edu833643,노진아 개인전 - 제페토의 꿈,2010.10.1,2010.10.9,1,60,admin276
Edu833642,이중근 개인전,2010.10.1,2010.10.9,3,140,admin637
Edu175,2010 미술관 가을야외전시,2010.9.17,2010.11.7,2,160,admin682
Edu833640,김지희 전,2010.9.15,2010.9.25,3,120,admin967
Edu833641,이명진 전,2010.9.15,2010.9.25,2,20,admin946
Edu174,제6회 서울국제미디어아트비엔날레,2010.9.7,2010.11.17,1,200,admin902
Edu177,소장품 기획II展 -한국화 판타지,2010.9.3,2010.10.17,1,60,admin625
Edu833638,이해민선 개인전<덜 죽은 자들_직립식물>,2010.9.1,2010.9.10,2,130,admin713
Edu833639,"Wild seeds, tranquil garden",2010.9.1,2010.9.10,2,140,admin230
Edu198,2010년 서울시립미술관 시민미술아카데미 전시회 - '환경! 상상',2010.8.20,2010.8.26,2,190,admin210
Edu176,예술가 프로덕션展,2010.6.4,2010.8.22,2,90,admin957
Edu187,21세기의 첫 10년,2010.5.4,2010.5.23,2,90,admin786
Edu172,2010 미술관 봄나들이 '환상동화' 展,2010.4.30,2010.6.13,3,120,admin344
Edu170,신의 손-로댕 특별展,2010.4.30,2010.8.22,2,110,admin662
Edu185,오승우,2010.4.23,2010.5.30,3,20,admin168
Edu169,신소장작품2009展,2010.3.17,2010.4.13,2,50,admin239
Edu107,자아 이미지 : 거울 시선,2008.8.13,2008.10.5,3,120,admin131
Edu173,소장품기획1展 -수상한 집으로의 초대,2010.3.5,2010.5.23,2,120,admin870
Edu181116,야외조각전시 - 서소문본관,2010.1.1,2020.12.31,3,70,admin665
Edu157,앤디 워홀의 위대한 세계 展,2009.12.12,2010.4.4,1,100,admin929
Edu833636,강정헌 개인전,2009.12.2,2009.12.8,1,130,admin823
Edu158,조각적인 것에 대한 저항 전,2009.11.28,2010.2.16,3,170,admin781
Edu103,반응하는 눈 : 디지털 스펙트럼展,2008.7.18,2008.8.23,2,60,admin205
Edu156,조각 읽는 즐거움,2009.10.16,2010.2.16,2,120,admin683
Edu833626,김윤아개인전_An Ideal Type,2009.10.15,2009.10.25,3,150,admin303
Edu155,"2009 서울미술대전-공예, 다섯가지 소리",2009.10.9,2009.11.15,1,90,admin137
Edu154,City_net Asia 2009,2009.9.30,2009.11.22,1,150,admin914
Edu166,라이트월,2009.8.1,2009.9.19,1,80,admin592
Edu152,괴물시대,2009.6.24,2009.8.30,2,50,admin616
Edu164,미술시네마 : 감각의 몽타주,2009.6.6,2009.10.4,2,190,admin508
Edu151,행복을 그린 화가: 르누아르,2009.5.28,2009.9.13,2,190,admin235
Edu150,2009 미술관 봄 나들이_미술관 습격 사건,2009.4.30,2009.6.14,1,100,admin531
Edu161,제15회 공간국제판화비엔날레_서울,2009.4.9,2009.5.10,1,120,admin381
Edu160,신소장작품 2008,2009.4.3,2009.5.5,3,40,admin574
Edu102,한국추상회화;1958-2008展,2008.7.9,2008.8.23,1,50,admin864
Edu114,新오감도,2009.3.18,2009.6.7,1,120,admin488
Edu115,"읽는 사진, 느끼는사진",2009.3.6,2009.5.24,1,130,admin299
Edu113,2008서울미술대전-한국현대구상회화의 흐름,2008.12.20,2009.2.22,2,20,admin990
Edu112,오래된 미래,2008.12.11,2009.2.15,1,170,admin703
Edu110,2008 국립 조르주 퐁피두센터 특별전,2008.11.22,2009.3.22,1,50,admin840
Edu109,현실과 허구의 경계읽기,2008.10.15,2008.11.30,3,100,admin385
Edu106,상상으로 함께하는 미술관 나들이전,2008.9.17,2008.9.20,3,70,admin423
Edu108,제5회 서울 국제 미디어 아트 비엔날레 (미디어 시티 서울 2008),2008.9.12,2008.11.5,3,60,admin775
Edu100,신소장작품 2007,2008.6.18,2008.7.8,1,60,admin793
Edu98,내 마음의 보물,2008.5.24,2008.8.3,3,50,admin695
Edu97,"2008 미술관 ‘봄’ 나들이_걸리버, 미술관에 가다 展",2008.4.30,2008.6.15,2,90,admin794
Edu96,SeMA2008 : 미술을 바라보는 네 가지 방식,2008.3.28,2008.6.15,3,90,admin132
Edu95,활 쏘는 헤라클레스 거장 부르델 展,2008.2.29,2008.6.8,3,70,admin372
Edu94,"언어적 형상,형상적 언어:문자와 미술",2007.11.28,2008.2.10,1,110,admin553
Edu91,불멸의 화가 : 반 고흐 展,2007.11.24,2008.3.16,2,100,admin995
Edu92,"추상미술, 그 경계에서의 유희",2007.11.7,2008.2.17,1,160,admin863
Edu87,소장작품 특별전-반복과 구성,2007.10.3,2007.11.11,3,110,admin157
Edu833628,난지1기 입주 작가 오픈스튜디오 개최,2007.9.20,2007.9.22,2,50,admin254
Edu85,난지1기 입주작가 오픈스튜디오,2007.9.20,2007.9.22,3,170,admin177
Edu84,함께하는 미술관 나들이전,2007.9.18,2007.9.22,2,130,admin734
Edu89,한국현대사진의 풍경,2007.9.12,2007.10.28,3,180,admin966
Edu88,유클리드의 산책 Where Euclid Walked,2007.8.24,2007.9.30,2,140,admin631
Edu83,신체에 관한 사유 Text in Bodyscape,2007.7.11,2007.8.15,1,130,admin726
Edu81,2007 서울미술대전-판화,2007.6.8,2007.7.1,2,130,admin853
Edu99,빛의 화가 : 모네,2007.6.6,2007.9.26,3,140,admin433
Edu833627,1기 입주작가展 : 일기예보 ,2007.5.11,2007.8.12,2,80,admin288
Edu82,일기예보(一期藝報),2007.5.11,2007.8.15,3,70,admin650
Edu80,2007 미술관‘봄’나들이,2007.4.28,2007.5.27,2,150,admin609
Edu93,한국화 1953-2007 展,2007.4.25,2007.5.27,3,140,admin729
Edu48,신소장작품 2006 - New Acquisition 2006,2007.4.21,2007.5.27,3,100,admin277
Edu46,호흡呼吸,2007.3.3,2007.4.29,3,200,admin830
Edu47,"권영우, 종이에 담은 삶",2007.2.28,2007.4.8,3,30,admin970
Edu41,꿈속을 걷다,2006.12.29,2007.2.11,1,60,admin528
Edu45,로베르 콩바스,2006.12.20,2007.2.11,1,100,admin784
Edu111,초현실주의의 거장 - 르네 마그리트 展,2006.12.20,2007.4.15,2,20,admin778
Edu86,제4회 서울 국제 미디어 아트 비엔날레,2006.10.18,2006.12.10,2,170,admin978
Edu40,Media Scene in Seoul_메르츠의 방,2006.10.18,2006.12.17,2,20,admin803
Edu39,신나는 미술여행전,2006.9.19,2006.9.22,3,120,admin117
Edu44,SeMA 2006,2006.9.13,2006.10.8,1,170,admin533
Edu75,제14회 서울_공간 국제판화비엔날레,2006.9.8,2006.10.8,2,180,admin463
Edu49,Camera Work,2006.9.1,2006.10.8,2,140,admin162
Edu50,고요의 숲-Meditive Forest,2006.7.29,2006.8.27,2,110,admin916
Edu43,2006 서울미술대전-구상조각,2006.7.26,2006.8.27,2,30,admin308
Edu105,서울숲 야외환경조각展 (상설전),2006.6.29,2006.12.31,3,200,admin182
Edu76,사물시선(事物視線)-the way of viewing objects,2006.6.23,2006.7.23,3,40,admin248
Edu37,<그.리.다._Illusion/Disillusion>展,2006.5.24,2006.7.16,2,130,admin753
Edu42,위대한 세기_피카소,2006.5.20,2006.9.3,2,70,admin351
Edu38,<2006 미술관 '봄' 나들이> 전,2006.5.3,2006.7.2,1,100,admin755
Edu36,기억의 방,2006.4.25,2006.6.11,1,80,admin700
Edu34,"<위대한 의자, 20세기의 디자인>",2006.3.11,2006.4.30,2,160,admin645
Edu35,로버트 인디애나,2006.3.11,2006.4.30,1,190,admin458
Edu32,남정(藍丁) 박노수(朴魯壽) 展,2005.12.28,2006.2.19,3,50,admin130
Edu31,울림_Beyond Repetition,2005.12.28,2006.3.12,2,120,admin900
Edu33,마티스와 불멸의 색채화가들,2005.12.3,2006.3.5,3,50,admin979
Edu27,"소장작품 기획전 - <사람아, 아! 사람아!>",2005.11.22,2005.12.18,2,60,admin597
Edu28,서울포토 트리엔날레,2005.11.9,2005.12.18,1,140,admin944
Edu26,시티넷 아시아 2005,2005.10.5,2005.11.20,3,50,admin867
Edu25,2005 청계천을 거닐다,2005.9.28,2005.10.30,2,160,admin796
Edu24,한.중 현대 수묵전,2005.8.10,2005.9.19,3,130,admin455
Edu29,Visions of the Body 2005_신체의 꿈展,2005.6.15,2005.7.31,3,70,admin780
Edu30,2005 신소장품전,2005.6.10,2005.9.23,2,10,admin811
Edu21,장.면.들.,2005.6.2,2005.7.17,2,180,admin802
Edu23,자연의 기록展,2005.6.1,2005.9.4,2,190,admin921
Edu20,서울청년미술제 포트폴리오 2005,2005.4.20,2005.5.22,2,110,admin222
Edu51,2005 미술관 '봄' 나들이,2005.4.20,2005.6.5,2,140,admin783
Edu11,2005 서울미술대전,2005.3.9,2005.4.10,3,70,admin276
Edu52,서울풍경 (소장품기획전),2005.2.17,2005.4.10,2,120,admin637
Edu79,제3회 서울 국제 미디어 아트 비엔날레,2004.12.15,2005.2.20,3,10,admin682
Edu10,2004 서울미술대전,2004.11.10,2004.11.30,1,40,admin967
Edu53,남서울미술관 개관기념 <천경자 특별전>,2004.11.10,2005.2.10,2,20,admin946
Edu54,제13회 서울_공간국제판화비엔날레,2004.10.30,2004.11.30,2,100,admin902
Edu55,<미술관 '가을' 나들이>展,2004.10.28,2004.11.28,1,180,admin625
Edu56,"<한국의 평면회화, 어제와 오늘>",2004.9.25,2004.10.31,3,190,admin713
Edu74,서울시립미술관 남서울미술관 개관 기념 <한국현대작가초대전>,2004.9.3,2004.10.24,3,160,admin230
Edu9,<삶의 풍경>展,2004.8.19,2004.9.17,3,80,admin210
Edu15,안토니 카로 - The Barbarians,2004.1.9,2004.2.29,1,140,admin957
Edu57,<공간(空+間)>展,2004.7.6,2004.8.8,2,90,admin786
Edu58,<다큐먼트(Document)>展,2004.5.25,2004.6.27,3,100,admin344
Edu59,<미술관 '봄' 나들이>展,2004.5.1,2004.5.30,2,10,admin662
Edu16,SeMA 2004,2004.4.1,2004.5.9,3,190,admin168
Edu61,2004 신소장품전,2004.3.9,2004.3.21,1,40,admin239
Edu62,위대한 얼굴 <한.중.일 초상화전>,2003.12.23,2004.3.14,2,80,admin131
Edu13,City-net Asia,2003.11.14,2003.12.14,1,40,admin870
Edu63,서울미술대전,2003.10.17,2003.11.2,3,200,admin665
Edu12,mosaiCanada,2003.9.10,2003.10.5,1,190,admin929
Edu73,유쾌한 공작소,2003.9.5,2003.10.10,3,60,admin823
Edu64,분단의 벽을 넘어,2003.7.29,2003.8.24,3,150,admin781
Edu77,물위를 걷는 사람들展,2003.7.11,2003.8.22,2,60,admin205
Edu66,한일 월드컵축구 인형전,2003.6.24,2003.6.29,2,90,admin683
Edu65,『 2003 신소장품전 』,2003.4.30,2003.6.29,3,190,admin303
Edu7,2003 소장작품전 - 작고작가전,2003.2.11,2003.4.20,1,70,admin137
Edu8,삶 - 1980년대 리얼리즘 미술,2003.2.11,2003.6.29,2,40,admin914
Edu6,물전,2003.1.8,2003.1.26,1,200,admin592
Edu3,천경자상설전,2003.1.1,2003.12.31,2,60,admin616
Edu67,『 장 프랑수아 밀레 - 서울전 』: 밀레의 여정,2002.12.14,2003.3.30,3,80,admin508
Edu69,2002문자와인간전,2002.7.26,2002.8.15,1,20,admin235
Edu68,2002  소장작품전,2002.7.19,2002.8.20,3,190,admin531
Edu162,천경자의 혼 (상설전),2002.5.17,2002.12.31,1,40,admin381
Edu19,물(水)전,2001.3.27,2001.4.17,3,140,admin574
Edu70,2001 서울미술대전,2001.3.2,2001.3.21,2,50,admin864
Edu72,2000 서울서예대전,2000.6.16,2000.7.5,1,190,admin488
Edu17,제1회 서울어린이그림전(토끼와 잠수함),2000.4.25,2000.5.18,2,130,admin299
